86:d1:1b:46:3d:f2,
06:55:62:57:8c:ec,
0a:56:31:bd:08:8e,
52:dc:21:9f:0d:d5,
a2:f1:b5:36:38:49,
b2:c5:79:aa:0e:46,
86:d1:1b:46:3d:f2,
26:ec:d3:27:e2:98,
8a:49:ab:5d:b7:d3,
06:55:62:57:8c:ec,
52:dc:21:9f:0d:d5,
c6:78:e2:55:2f:ed,
c6:78:e2:55:2f:ed,
a2:f1:b5:36:38:49,
5e:19:47:62:01:f9,
a2:f1:b5:36:38:49,
5e:19:47:62:01:f9,
8e:7a:9e:e7:1e:ae,
f6:9e:63:3c:a5:46,
8e:7a:9e:e7:1e:ae,
f6:9e:63:3c:a5:46,
ee:e4:3e:96:96:57,
a2:f1:b5:36:38:49,
ae:43:35:43:0b:e0,
8a:49:ab:5d:b7:d3,
b2:c5:79:aa:0e:46,
a2:f1:b5:36:38:49,
8a:49:ab:5d:b7:d3,
0a:56:31:bd:08:8e,
c6:78:e2:55:2f:ed,
26:ec:d3:27:e2:98,
ae:43:35:43:0b:e0,
0a:56:31:bd:08:8e,
