62:57:f0:ed:d2:74,
92:bb:68:76:02:da,
22:36:8e:b1:c7:95,
ca:5c:a7:ab:f2:68,
be:53:df:54:9b:71,
ee:69:ec:cd:12:4f,
be:53:df:54:9b:71,
62:57:f0:ed:d2:74,
1e:42:e2:e8:5c:77,
fa:05:b0:f6:32:ff,
92:bb:68:76:02:da,
be:53:df:54:9b:71,
62:74:1f:88:45:8e,
3e:90:c0:d0:c6:18,
7e:5e:2f:31:5c:33,
fa:05:b0:f6:32:ff,
92:bb:68:76:02:da,
ca:5c:a7:ab:f2:68,
be:53:df:54:9b:71,
62:74:1f:88:45:8e,
22:36:8e:b1:c7:95,
06:72:ac:5a:a4:8f,
ee:69:ec:cd:12:4f,
ca:5c:a7:ab:f2:68,
3e:90:c0:d0:c6:18,
1e:42:e2:e8:5c:77,
62:74:1f:88:45:8e,
ee:4e:04:14:fc:d5,
ee:4e:04:14:fc:d5,
1e:42:e2:e8:5c:77,
fa:0c:4b:68:68:7f,
ca:5c:a7:ab:f2:68,
0a:74:0c:d7:b2:11,
ee:4e:04:14:fc:d5,
92:bb:68:76:02:da,
fa:05:b0:f6:32:ff,
22:36:8e:b1:c7:95,
be:53:df:54:9b:71,
ee:69:ec:cd:12:4f,
3e:90:c0:d0:c6:18,
3e:90:c0:d0:c6:18,
7e:5e:2f:31:5c:33,
1e:42:e2:e8:5c:77,
ee:69:ec:cd:12:4f,
62:57:f0:ed:d2:74,
22:36:8e:b1:c7:95,
ee:69:ec:cd:12:4f,
ca:5c:a7:ab:f2:68,
92:bb:68:76:02:da,
1e:42:e2:e8:5c:77,
ee:69:ec:cd:12:4f,
7e:5e:2f:31:5c:33,
62:57:f0:ed:d2:74,
fa:05:b0:f6:32:ff,
22:36:8e:b1:c7:95,
ee:69:ec:cd:12:4f,
ee:69:ec:cd:12:4f,
fa:0c:4b:68:68:7f,
3e:90:c0:d0:c6:18,
1e:42:e2:e8:5c:77,
3e:90:c0:d0:c6:18,
ee:4e:04:14:fc:d5,
1e:42:e2:e8:5c:77,
fa:0c:4b:68:68:7f,
0a:74:0c:d7:b2:11,
1e:42:e2:e8:5c:77,
be:53:df:54:9b:71,
ee:69:ec:cd:12:4f,
fa:0c:4b:68:68:7f,
62:57:f0:ed:d2:74,
fa:0c:4b:68:68:7f,
fa:05:b0:f6:32:ff,
0a:74:0c:d7:b2:11,
62:57:f0:ed:d2:74,
0a:74:0c:d7:b2:11,
ee:4e:04:14:fc:d5,
22:36:8e:b1:c7:95,
62:57:f0:ed:d2:74,
fa:0c:4b:68:68:7f,
06:72:ac:5a:a4:8f,
0a:74:0c:d7:b2:11,
62:74:1f:88:45:8e,
fa:05:b0:f6:32:ff,
be:53:df:54:9b:71,
fa:05:b0:f6:32:ff,
62:74:1f:88:45:8e,
fa:0c:4b:68:68:7f,
22:36:8e:b1:c7:95,
92:bb:68:76:02:da,
ee:4e:04:14:fc:d5,
62:74:1f:88:45:8e,
92:bb:68:76:02:da,
fa:0c:4b:68:68:7f,
ca:5c:a7:ab:f2:68,
92:bb:68:76:02:da,
92:bb:68:76:02:da,
1e:42:e2:e8:5c:77,
7e:5e:2f:31:5c:33,
fa:0c:4b:68:68:7f,
62:74:1f:88:45:8e,
62:74:1f:88:45:8e,
be:53:df:54:9b:71,
fa:05:b0:f6:32:ff,
fa:0c:4b:68:68:7f,
06:72:ac:5a:a4:8f,
7e:5e:2f:31:5c:33,
ee:4e:04:14:fc:d5,
3e:90:c0:d0:c6:18,
06:72:ac:5a:a4:8f,
06:72:ac:5a:a4:8f,
ee:4e:04:14:fc:d5,
0a:74:0c:d7:b2:11,
62:74:1f:88:45:8e,
62:57:f0:ed:d2:74,
ca:5c:a7:ab:f2:68,
7e:5e:2f:31:5c:33,
fa:05:b0:f6:32:ff,
ca:5c:a7:ab:f2:68,
be:53:df:54:9b:71,
7e:5e:2f:31:5c:33,
7e:5e:2f:31:5c:33,
22:36:8e:b1:c7:95,
ca:5c:a7:ab:f2:68,
ee:4e:04:14:fc:d5,
7e:5e:2f:31:5c:33,
06:72:ac:5a:a4:8f,
ee:4e:04:14:fc:d5,
3e:90:c0:d0:c6:18,
06:72:ac:5a:a4:8f,
0a:74:0c:d7:b2:11,
62:74:1f:88:45:8e,
7e:5e:2f:31:5c:33,
7e:5e:2f:31:5c:33,
be:53:df:54:9b:71,
fa:05:b0:f6:32:ff,
ca:5c:a7:ab:f2:68,
62:57:f0:ed:d2:74,
fa:0c:4b:68:68:7f,
06:72:ac:5a:a4:8f,
0a:74:0c:d7:b2:11,
62:57:f0:ed:d2:74,
62:57:f0:ed:d2:74,
22:36:8e:b1:c7:95,
fa:05:b0:f6:32:ff,
92:bb:68:76:02:da,
62:74:1f:88:45:8e,
62:74:1f:88:45:8e,
06:72:ac:5a:a4:8f,
22:36:8e:b1:c7:95,
22:36:8e:b1:c7:95,
ee:69:ec:cd:12:4f,
ca:5c:a7:ab:f2:68,
fa:0c:4b:68:68:7f,
3e:90:c0:d0:c6:18,
22:36:8e:b1:c7:95,
22:36:8e:b1:c7:95,
0a:74:0c:d7:b2:11,
92:bb:68:76:02:da,
be:53:df:54:9b:71,
