ea:37:1f:4e:2a:31,
06:c6:21:79:20:24,
32:60:09:d6:0d:e6,
8a:15:a7:1d:da:9d,
52:b2:d3:0a:aa:80,
ea:37:1f:4e:2a:31,
8a:15:a7:1d:da:9d,
a2:bb:09:9c:ae:4f,
06:c6:21:79:20:24,
fe:30:42:0f:66:67,
26:75:cd:0c:b0:f2,
a2:bb:09:9c:ae:4f,
4a:14:a2:d4:bd:0c,
ce:0e:31:cf:f6:9e,
aa:d4:85:c5:76:4a,
e2:92:a4:b0:4c:21,
fe:30:42:0f:66:67,
3e:f6:fe:3d:eb:07,
06:c6:21:79:20:24,
ce:0e:31:cf:f6:9e,
06:0c:d1:b5:e1:77,
fe:30:42:0f:66:67,
32:60:09:d6:0d:e6,
46:d4:69:83:18:08,
06:c6:21:79:20:24,
52:b2:d3:0a:aa:80,
3e:f6:fe:3d:eb:07,
4a:14:a2:d4:bd:0c,
8a:15:a7:1d:da:9d,
da:30:ee:ad:82:14,
ea:37:1f:4e:2a:31,
8a:15:a7:1d:da:9d,
52:b2:d3:0a:aa:80,
ce:0e:31:cf:f6:9e,
e2:92:a4:b0:4c:21,
ea:37:1f:4e:2a:31,
46:d4:69:83:18:08,
26:75:cd:0c:b0:f2,
a2:bb:09:9c:ae:4f,
a2:bb:09:9c:ae:4f,
aa:d4:85:c5:76:4a,
4a:14:a2:d4:bd:0c,
4a:14:a2:d4:bd:0c,
a2:bb:09:9c:ae:4f,
4a:14:a2:d4:bd:0c,
3e:f6:fe:3d:eb:07,
e2:92:a4:b0:4c:21,
8a:15:a7:1d:da:9d,
46:d4:69:83:18:08,
a2:bb:09:9c:ae:4f,
ea:37:1f:4e:2a:31,
aa:d4:85:c5:76:4a,
32:60:09:d6:0d:e6,
3e:f6:fe:3d:eb:07,
32:60:09:d6:0d:e6,
da:30:ee:ad:82:14,
fe:30:42:0f:66:67,
fe:30:42:0f:66:67,
26:75:cd:0c:b0:f2,
06:0c:d1:b5:e1:77,
46:d4:69:83:18:08,
8a:15:a7:1d:da:9d,
ce:0e:31:cf:f6:9e,
32:60:09:d6:0d:e6,
52:b2:d3:0a:aa:80,
06:c6:21:79:20:24,
46:d4:69:83:18:08,
06:0c:d1:b5:e1:77,
fe:30:42:0f:66:67,
4a:14:a2:d4:bd:0c,
ce:0e:31:cf:f6:9e,
06:c6:21:79:20:24,
26:75:cd:0c:b0:f2,
8a:15:a7:1d:da:9d,
3e:f6:fe:3d:eb:07,
06:c6:21:79:20:24,
fe:30:42:0f:66:67,
26:75:cd:0c:b0:f2,
4a:14:a2:d4:bd:0c,
52:b2:d3:0a:aa:80,
06:0c:d1:b5:e1:77,
da:30:ee:ad:82:14,
06:0c:d1:b5:e1:77,
52:b2:d3:0a:aa:80,
e2:92:a4:b0:4c:21,
ea:37:1f:4e:2a:31,
06:0c:d1:b5:e1:77,
32:60:09:d6:0d:e6,
06:0c:d1:b5:e1:77,
32:60:09:d6:0d:e6,
ce:0e:31:cf:f6:9e,
4a:14:a2:d4:bd:0c,
52:b2:d3:0a:aa:80,
a2:bb:09:9c:ae:4f,
a2:bb:09:9c:ae:4f,
06:0c:d1:b5:e1:77,
ce:0e:31:cf:f6:9e,
aa:d4:85:c5:76:4a,
e2:92:a4:b0:4c:21,
da:30:ee:ad:82:14,
46:d4:69:83:18:08,
3e:f6:fe:3d:eb:07,
aa:d4:85:c5:76:4a,
da:30:ee:ad:82:14,
fe:30:42:0f:66:67,
46:d4:69:83:18:08,
3e:f6:fe:3d:eb:07,
06:0c:d1:b5:e1:77,
8a:15:a7:1d:da:9d,
aa:d4:85:c5:76:4a,
06:0c:d1:b5:e1:77,
ea:37:1f:4e:2a:31,
a2:bb:09:9c:ae:4f,
32:60:09:d6:0d:e6,
fe:30:42:0f:66:67,
a2:bb:09:9c:ae:4f,
aa:d4:85:c5:76:4a,
52:b2:d3:0a:aa:80,
26:75:cd:0c:b0:f2,
46:d4:69:83:18:08,
aa:d4:85:c5:76:4a,
da:30:ee:ad:82:14,
26:75:cd:0c:b0:f2,
e2:92:a4:b0:4c:21,
06:c6:21:79:20:24,
3e:f6:fe:3d:eb:07,
e2:92:a4:b0:4c:21,
8a:15:a7:1d:da:9d,
8a:15:a7:1d:da:9d,
46:d4:69:83:18:08,
da:30:ee:ad:82:14,
06:c6:21:79:20:24,
3e:f6:fe:3d:eb:07,
3e:f6:fe:3d:eb:07,
aa:d4:85:c5:76:4a,
ce:0e:31:cf:f6:9e,
e2:92:a4:b0:4c:21,
e2:92:a4:b0:4c:21,
8a:15:a7:1d:da:9d,
ea:37:1f:4e:2a:31,
ce:0e:31:cf:f6:9e,
4a:14:a2:d4:bd:0c,
52:b2:d3:0a:aa:80,
ce:0e:31:cf:f6:9e,
3e:f6:fe:3d:eb:07,
46:d4:69:83:18:08,
da:30:ee:ad:82:14,
52:b2:d3:0a:aa:80,
06:c6:21:79:20:24,
aa:d4:85:c5:76:4a,
06:c6:21:79:20:24,
ce:0e:31:cf:f6:9e,
da:30:ee:ad:82:14,
26:75:cd:0c:b0:f2,
e2:92:a4:b0:4c:21,
06:0c:d1:b5:e1:77,
ea:37:1f:4e:2a:31,
8a:15:a7:1d:da:9d,
da:30:ee:ad:82:14,
26:75:cd:0c:b0:f2,
4a:14:a2:d4:bd:0c,
da:30:ee:ad:82:14,
