16:ce:4b:cb:b9:22,
1e:35:6f:be:1f:55,
16:ce:4b:cb:b9:22,
1e:35:6f:be:1f:55,
ee:00:f6:c4:01:ed,
92:ed:9a:f8:24:7b,
ea:1c:ed:21:99:9a,
2a:1a:00:49:68:a9,
1e:35:6f:be:1f:55,
ee:00:f6:c4:01:ed,
ea:1c:ed:21:99:9a,
92:ed:9a:f8:24:7b,
1e:35:6f:be:1f:55,
32:f9:11:61:cc:8f,
92:ed:9a:f8:24:7b,
ea:1c:ed:21:99:9a,
9e:96:96:ef:f4:cc,
12:fb:07:4b:55:f0,
62:15:d2:5f:24:63,
d2:6e:c1:48:4f:5c,
9a:0b:89:d9:bb:5e,
9a:0b:89:d9:bb:5e,
62:15:d2:5f:24:63,
ea:1c:ed:21:99:9a,
d2:cd:bc:ec:fe:78,
1e:35:6f:be:1f:55,
5a:1e:6e:ad:a5:c1,
d2:6e:c1:48:4f:5c,
32:f9:11:61:cc:8f,
5a:1e:6e:ad:a5:c1,
a2:9c:5b:59:68:42,
d2:cd:bc:ec:fe:78,
32:f9:11:61:cc:8f,
9a:0b:89:d9:bb:5e,
d2:cd:bc:ec:fe:78,
ce:b8:ca:af:fa:a0,
d2:cd:bc:ec:fe:78,
a2:9c:5b:59:68:42,
92:ed:9a:f8:24:7b,
32:f9:11:61:cc:8f,
ee:00:f6:c4:01:ed,
16:ce:4b:cb:b9:22,
9e:96:96:ef:f4:cc,
32:f9:11:61:cc:8f,
12:fb:07:4b:55:f0,
62:15:d2:5f:24:63,
ea:1c:ed:21:99:9a,
9a:0b:89:d9:bb:5e,
5a:1e:6e:ad:a5:c1,
2a:1a:00:49:68:a9,
9a:0b:89:d9:bb:5e,
32:f9:11:61:cc:8f,
d2:cd:bc:ec:fe:78,
16:ce:4b:cb:b9:22,
a2:9c:5b:59:68:42,
d2:6e:c1:48:4f:5c,
a2:9c:5b:59:68:42,
d2:cd:bc:ec:fe:78,
32:f9:11:61:cc:8f,
1e:35:6f:be:1f:55,
9e:96:96:ef:f4:cc,
9e:96:96:ef:f4:cc,
12:fb:07:4b:55:f0,
d2:cd:bc:ec:fe:78,
5a:1e:6e:ad:a5:c1,
ce:b8:ca:af:fa:a0,
12:fb:07:4b:55:f0,
9a:0b:89:d9:bb:5e,
2a:1a:00:49:68:a9,
92:ed:9a:f8:24:7b,
62:15:d2:5f:24:63,
12:fb:07:4b:55:f0,
5a:1e:6e:ad:a5:c1,
92:ed:9a:f8:24:7b,
9e:96:96:ef:f4:cc,
d2:6e:c1:48:4f:5c,
16:ce:4b:cb:b9:22,
62:15:d2:5f:24:63,
92:ed:9a:f8:24:7b,
d2:6e:c1:48:4f:5c,
ce:b8:ca:af:fa:a0,
ee:00:f6:c4:01:ed,
1e:35:6f:be:1f:55,
d2:cd:bc:ec:fe:78,
16:ce:4b:cb:b9:22,
16:ce:4b:cb:b9:22,
ea:1c:ed:21:99:9a,
9e:96:96:ef:f4:cc,
2a:1a:00:49:68:a9,
a2:9c:5b:59:68:42,
62:15:d2:5f:24:63,
92:ed:9a:f8:24:7b,
2a:1a:00:49:68:a9,
d2:cd:bc:ec:fe:78,
a2:9c:5b:59:68:42,
16:ce:4b:cb:b9:22,
d2:cd:bc:ec:fe:78,
62:15:d2:5f:24:63,
5a:1e:6e:ad:a5:c1,
9e:96:96:ef:f4:cc,
2a:1a:00:49:68:a9,
d2:cd:bc:ec:fe:78,
ea:1c:ed:21:99:9a,
9e:96:96:ef:f4:cc,
ea:1c:ed:21:99:9a,
9e:96:96:ef:f4:cc,
12:fb:07:4b:55:f0,
62:15:d2:5f:24:63,
92:ed:9a:f8:24:7b,
ce:b8:ca:af:fa:a0,
9a:0b:89:d9:bb:5e,
16:ce:4b:cb:b9:22,
d2:6e:c1:48:4f:5c,
9e:96:96:ef:f4:cc,
2a:1a:00:49:68:a9,
9a:0b:89:d9:bb:5e,
d2:6e:c1:48:4f:5c,
5a:1e:6e:ad:a5:c1,
2a:1a:00:49:68:a9,
9e:96:96:ef:f4:cc,
d2:cd:bc:ec:fe:78,
92:ed:9a:f8:24:7b,
92:ed:9a:f8:24:7b,
a2:9c:5b:59:68:42,
ea:1c:ed:21:99:9a,
62:15:d2:5f:24:63,
9a:0b:89:d9:bb:5e,
a2:9c:5b:59:68:42,
2a:1a:00:49:68:a9,
1e:35:6f:be:1f:55,
62:15:d2:5f:24:63,
92:ed:9a:f8:24:7b,
d2:6e:c1:48:4f:5c,
16:ce:4b:cb:b9:22,
ee:00:f6:c4:01:ed,
1e:35:6f:be:1f:55,
a2:9c:5b:59:68:42,
1e:35:6f:be:1f:55,
9a:0b:89:d9:bb:5e,
1e:35:6f:be:1f:55,
32:f9:11:61:cc:8f,
92:ed:9a:f8:24:7b,
5a:1e:6e:ad:a5:c1,
d2:cd:bc:ec:fe:78,
5a:1e:6e:ad:a5:c1,
2a:1a:00:49:68:a9,
a2:9c:5b:59:68:42,
62:15:d2:5f:24:63,
d2:6e:c1:48:4f:5c,
16:ce:4b:cb:b9:22,
32:f9:11:61:cc:8f,
d2:6e:c1:48:4f:5c,
62:15:d2:5f:24:63,
1e:35:6f:be:1f:55,
2a:1a:00:49:68:a9,
a2:9c:5b:59:68:42,
32:f9:11:61:cc:8f,
ea:1c:ed:21:99:9a,
a2:9c:5b:59:68:42,
d2:6e:c1:48:4f:5c,
ee:00:f6:c4:01:ed,
9a:0b:89:d9:bb:5e,
5a:1e:6e:ad:a5:c1,
ea:1c:ed:21:99:9a,
9a:0b:89:d9:bb:5e,
62:15:d2:5f:24:63,
a2:9c:5b:59:68:42,
12:fb:07:4b:55:f0,
9a:0b:89:d9:bb:5e,
16:ce:4b:cb:b9:22,
ee:00:f6:c4:01:ed,
2a:1a:00:49:68:a9,
12:fb:07:4b:55:f0,
9a:0b:89:d9:bb:5e,
32:f9:11:61:cc:8f,
12:fb:07:4b:55:f0,
2a:1a:00:49:68:a9,
9e:96:96:ef:f4:cc,
32:f9:11:61:cc:8f,
1e:35:6f:be:1f:55,
ce:b8:ca:af:fa:a0,
32:f9:11:61:cc:8f,
12:fb:07:4b:55:f0,
ee:00:f6:c4:01:ed,
12:fb:07:4b:55:f0,
9e:96:96:ef:f4:cc,
a2:9c:5b:59:68:42,
2a:1a:00:49:68:a9,
2a:1a:00:49:68:a9,
ee:00:f6:c4:01:ed,
5a:1e:6e:ad:a5:c1,
9a:0b:89:d9:bb:5e,
12:fb:07:4b:55:f0,
ee:00:f6:c4:01:ed,
9a:0b:89:d9:bb:5e,
ea:1c:ed:21:99:9a,
12:fb:07:4b:55:f0,
d2:cd:bc:ec:fe:78,
a2:9c:5b:59:68:42,
d2:cd:bc:ec:fe:78,
ea:1c:ed:21:99:9a,
5a:1e:6e:ad:a5:c1,
9a:0b:89:d9:bb:5e,
9e:96:96:ef:f4:cc,
16:ce:4b:cb:b9:22,
ee:00:f6:c4:01:ed,
ea:1c:ed:21:99:9a,
ee:00:f6:c4:01:ed,
16:ce:4b:cb:b9:22,
32:f9:11:61:cc:8f,
d2:6e:c1:48:4f:5c,
12:fb:07:4b:55:f0,
32:f9:11:61:cc:8f,
ce:b8:ca:af:fa:a0,
ee:00:f6:c4:01:ed,
9a:0b:89:d9:bb:5e,
d2:6e:c1:48:4f:5c,
ee:00:f6:c4:01:ed,
a2:9c:5b:59:68:42,
1e:35:6f:be:1f:55,
2a:1a:00:49:68:a9,
9e:96:96:ef:f4:cc,
1e:35:6f:be:1f:55,
a2:9c:5b:59:68:42,
12:fb:07:4b:55:f0,
2a:1a:00:49:68:a9,
62:15:d2:5f:24:63,
d2:6e:c1:48:4f:5c,
92:ed:9a:f8:24:7b,
ea:1c:ed:21:99:9a,
9a:0b:89:d9:bb:5e,
d2:cd:bc:ec:fe:78,
ee:00:f6:c4:01:ed,
16:ce:4b:cb:b9:22,
9a:0b:89:d9:bb:5e,
16:ce:4b:cb:b9:22,
d2:6e:c1:48:4f:5c,
ce:b8:ca:af:fa:a0,
ea:1c:ed:21:99:9a,
92:ed:9a:f8:24:7b,
62:15:d2:5f:24:63,
a2:9c:5b:59:68:42,
5a:1e:6e:ad:a5:c1,
d2:6e:c1:48:4f:5c,
1e:35:6f:be:1f:55,
16:ce:4b:cb:b9:22,
9a:0b:89:d9:bb:5e,
16:ce:4b:cb:b9:22,
d2:cd:bc:ec:fe:78,
32:f9:11:61:cc:8f,
a2:9c:5b:59:68:42,
9e:96:96:ef:f4:cc,
5a:1e:6e:ad:a5:c1,
12:fb:07:4b:55:f0,
32:f9:11:61:cc:8f,
92:ed:9a:f8:24:7b,
5a:1e:6e:ad:a5:c1,
d2:6e:c1:48:4f:5c,
1e:35:6f:be:1f:55,
62:15:d2:5f:24:63,
ee:00:f6:c4:01:ed,
9e:96:96:ef:f4:cc,
92:ed:9a:f8:24:7b,
62:15:d2:5f:24:63,
d2:cd:bc:ec:fe:78,
9e:96:96:ef:f4:cc,
12:fb:07:4b:55:f0,
16:ce:4b:cb:b9:22,
12:fb:07:4b:55:f0,
16:ce:4b:cb:b9:22,
16:ce:4b:cb:b9:22,
12:fb:07:4b:55:f0,
d2:6e:c1:48:4f:5c,
62:15:d2:5f:24:63,
ea:1c:ed:21:99:9a,
ee:00:f6:c4:01:ed,
a2:9c:5b:59:68:42,
9e:96:96:ef:f4:cc,
ea:1c:ed:21:99:9a,
ce:b8:ca:af:fa:a0,
92:ed:9a:f8:24:7b,
ee:00:f6:c4:01:ed,
ee:00:f6:c4:01:ed,
16:ce:4b:cb:b9:22,
5a:1e:6e:ad:a5:c1,
1e:35:6f:be:1f:55,
d2:6e:c1:48:4f:5c,
32:f9:11:61:cc:8f,
9e:96:96:ef:f4:cc,
a2:9c:5b:59:68:42,
1e:35:6f:be:1f:55,
ee:00:f6:c4:01:ed,
ce:b8:ca:af:fa:a0,
92:ed:9a:f8:24:7b,
d2:6e:c1:48:4f:5c,
2a:1a:00:49:68:a9,
5a:1e:6e:ad:a5:c1,
1e:35:6f:be:1f:55,
ee:00:f6:c4:01:ed,
ce:b8:ca:af:fa:a0,
5a:1e:6e:ad:a5:c1,
ee:00:f6:c4:01:ed,
12:fb:07:4b:55:f0,
a2:9c:5b:59:68:42,
1e:35:6f:be:1f:55,
ea:1c:ed:21:99:9a,
92:ed:9a:f8:24:7b,
9a:0b:89:d9:bb:5e,
d2:cd:bc:ec:fe:78,
1e:35:6f:be:1f:55,
92:ed:9a:f8:24:7b,
d2:cd:bc:ec:fe:78,
62:15:d2:5f:24:63,
5a:1e:6e:ad:a5:c1,
62:15:d2:5f:24:63,
16:ce:4b:cb:b9:22,
62:15:d2:5f:24:63,
a2:9c:5b:59:68:42,
5a:1e:6e:ad:a5:c1,
2a:1a:00:49:68:a9,
d2:6e:c1:48:4f:5c,
a2:9c:5b:59:68:42,
32:f9:11:61:cc:8f,
5a:1e:6e:ad:a5:c1,
ea:1c:ed:21:99:9a,
ce:b8:ca:af:fa:a0,
32:f9:11:61:cc:8f,
d2:cd:bc:ec:fe:78,
d2:6e:c1:48:4f:5c,
ea:1c:ed:21:99:9a,
9e:96:96:ef:f4:cc,
2a:1a:00:49:68:a9,
d2:6e:c1:48:4f:5c,
d2:cd:bc:ec:fe:78,
ee:00:f6:c4:01:ed,
5a:1e:6e:ad:a5:c1,
ea:1c:ed:21:99:9a,
1e:35:6f:be:1f:55,
2a:1a:00:49:68:a9,
32:f9:11:61:cc:8f,
2a:1a:00:49:68:a9,
16:ce:4b:cb:b9:22,
5a:1e:6e:ad:a5:c1,
9e:96:96:ef:f4:cc,
